{"precision": 0.8410640781724319, "recall": 0.8399522369083648, "f1": 0.8403994867355383, "acc": 0.8397291196388262}