{"acc": 0.6925777331995988, "f1": 0.6828238709678112, "precision": 0.698044910653584, "recall": 0.6959184768768418}