{"acc": 0.8227990970654627, "f1": 0.8241118510665698, "precision": 0.8263554585531249, "recall": 0.8231004797080971}