{"acc": 0.6933299899699097, "f1": 0.6917555440558837, "precision": 0.6949403540092192, "recall": 0.6931942852982469}