{"acc": 0.7820962888665998, "f1": 0.7803873233675053, "precision": 0.7831065375790918, "recall": 0.7802390298690351}